frame,time_s,class,track_id,direction
7,0.23,Coches,3,S1
42,1.4,Peatones,24,S1
44,1.47,Peatones,8,S1
49,1.63,Peatones,10,S1
51,1.7,Peatones,6,S1
52,1.73,Peatones,5,S1
52,1.73,Peatones,11,S1
57,1.9,Peatones,37,S1
70,2.33,Coches,16,S1
88,2.93,Coches,56,S1
106,3.53,Coches,103,S1
124,4.13,Coches,146,S1
148,4.93,Coches,159,S1
169,5.63,Peatones,124,S1
179,5.97,Coches,161,S1
202,6.73,Peatones,154,S2
205,6.83,Peatones,156,S1
222,7.4,Coches,166,S1
232,7.73,Coches,164,S2
249,8.3,Bicicletas,199,S1
251,8.37,Peatones,195,S1
260,8.67,Coches,169,S1
273,9.1,Coches,201,S1
276,9.2,Coches,203,S2
293,9.77,Coches,209,S1
312,10.4,Coches,258,S1
351,11.7,Peatones,231,S1
364,12.13,Peatones,256,S1
378,12.6,Coches,270,S1
410,13.67,Peatones,274,S1
411,13.7,Peatones,280,S1
418,13.93,Peatones,265,S1
427,14.23,Coches,283,S1
447,14.9,Coches,302,S1
499,16.63,Peatones,436,S1
508,16.93,Peatones,440,S1
522,17.4,Coches,340,S1
539,17.97,Coches,364,S1
551,18.37,Coches,453,S1
570,19.0,Coches,515,S1
584,19.47,Coches,532,S1
595,19.83,Coches,552,S1
612,20.4,Coches,556,S1
631,21.03,Coches,559,S1
656,21.87,Coches,561,S1
692,23.07,Coches,583,S1
698,23.27,Coches,590,S2
711,23.7,Coches,589,S1
721,24.03,Coches,597,S2
747,24.9,Coches,617,S2
757,25.23,Coches,619,S2
759,25.3,Peatones,591,S1
771,25.7,Coches,615,S1
789,26.3,Coches,621,S1
790,26.33,Coches,628,S2
804,26.8,Coches,627,S1
821,27.37,Coches,631,S1
841,28.03,Coches,648,S1
866,28.87,Coches,663,S1
898,29.93,Peatones,655,S1
904,30.13,Coches,665,S1
931,31.03,Coches,674,S1
993,33.1,Peatones,675,S1
1017,33.9,Coches,679,S1
1037,34.57,Coches,687,S1
1049,34.97,Coches,737,S2
1061,35.37,Coches,705,S1
